ID,Name,Gender,Email,Phone
1,Charlie,M,Charlie@example.com,1241249653
2,Charlie,F,Charlie@example.com,1241249653
3,Charlie,F,Charlie@example.com,1241249653
4,Charlie,M,Charlie@example.com,1241249653
5,Charlie,M,Charlie@example.com,1241249653
6,Charlie,M,Charlie@example.com,1241249653
7,Charlie,F,Charlie@example.com,1241249653
8,Charlie,F,Charlie@example.com,1241249653
9,Charlie,F,Charlie@example.com,1241249653
10,Charlie,M,Charlie@example.com,1241249653
11,Charlie,M,Charlie@example.com,1241249653
12,Charlie,F,Charlie@example.com,1241249653
13,Charlie,M,Charlie@example.com,1241249653
14,Charlie,F,Charlie@example.com,1241249653
15,Charlie,M,Charlie@example.com,1241249653
16,Charlie,M,Charlie@example.com,1241249653
17,Charlie,F,Charlie@example.com,1241249653
18,Charlie,M,Charlie@example.com,1241249653
19,Charlie,M,Charlie@example.com,1241249653
20,Charlie,F,Charlie@example.com,1241249653
21,Charlie,M,Charlie@example.com,1241249653
22,Charlie,F,Charlie@example.com,1241249653
23,Charlie,F,Charlie@example.com,1241249653
24,Charlie,F,Charlie@example.com,1241249653
25,Charlie,M,Charlie@example.com,1241249653
26,Charlie,M,Charlie@example.com,1241249653
27,Charlie,M,Charlie@example.com,1241249653
28,Charlie,M,Charlie@example.com,1241249653
29,Charlie,F,Charlie@example.com,1241249653
30,Charlie,F,Charlie@example.com,1241249653
31,Charlie,M,Charlie@example.com,1241249653
32,Charlie,F,Charlie@example.com,1241249653
33,Charlie,F,Charlie@example.com,1241249653
34,Charlie,M,Charlie@example.com,1241249653
35,Charlie,M,Charlie@example.com,1241249653
36,Charlie,F,Charlie@example.com,1241249653
37,Charlie,F,Charlie@example.com,1241249653
38,Charlie,F,Charlie@example.com,1241249653
39,Charlie,F,Charlie@example.com,1241249653
40,Charlie,M,Charlie@example.com,1241249653
41,Charlie,M,Charlie@example.com,1241249653
42,Charlie,M,Charlie@example.com,1241249653
43,Charlie,M,Charlie@example.com,1241249653
44,Charlie,F,Charlie@example.com,1241249653
45,Charlie,F,Charlie@example.com,1241249653
46,Charlie,M,Charlie@example.com,1241249653
47,Charlie,F,Charlie@example.com,1241249653
48,Charlie,F,Charlie@example.com,1241249653
49,Charlie,M,Charlie@example.com,1241249653
50,Charlie,F,Charlie@example.com,1241249653
